/ /byoc/guide 301
/byoc /byoc/guide 301
/serverless /serverless/guide 301
/_downloads/c74194e5d55278497e27584eb0b3259d/public-key.txt /byoc/_downloads/c74194e5d55278497e27584eb0b3259d/public-key.txt 301

/administration/ /byoc/guide/administration 301
/administration /byoc/guide/administration 301
/administration/applications/ /byoc/guide/administration/applications 301
/administration/applications /byoc/guide/administration/applications 301
/administration/cli-authentication/ /byoc/guide/administration/cli-authentication 301
/administration/cli-authentication /byoc/guide/administration/cli-authentication 301
/administration/usage/ /byoc/guide/administration/usage 301
/administration/usage /byoc/guide/administration/usage 301
/administration/user-management/ /byoc/guide/administration/user-management 301
/administration/user-management /byoc/guide/administration/user-management 301
/building-workflows/ /byoc/guide/core-concepts 301
/building-workflows /byoc/guide/core-concepts 301
/building-workflows/artifacts/ /byoc/guide/core-concepts/artifacts 301
/building-workflows/artifacts /byoc/guide/core-concepts/artifacts 301
/building-workflows/artifacts/connecting-workflows-with-artifact-event-triggers/ /byoc/guide/core-concepts/artifacts/connecting-workflows-with-artifact-event-triggers 301
/building-workflows/artifacts/connecting-workflows-with-artifact-event-triggers /byoc/guide/core-concepts/artifacts/connecting-workflows-with-artifact-event-triggers 301
/building-workflows/artifacts/consuming-artifacts-in-workflows/ /byoc/guide/core-concepts/artifacts/consuming-artifacts-in-workflows 301
/building-workflows/artifacts/consuming-artifacts-in-workflows /byoc/guide/core-concepts/artifacts/consuming-artifacts-in-workflows 301
/building-workflows/artifacts/declaring-artifacts/ /byoc/guide/core-concepts/artifacts/declaring-artifacts 301
/building-workflows/artifacts/declaring-artifacts /byoc/guide/core-concepts/artifacts/declaring-artifacts 301
/building-workflows/artifacts/materializing-artifacts/ /byoc/guide/core-concepts/artifacts/materializing-artifacts 301
/building-workflows/artifacts/materializing-artifacts /byoc/guide/core-concepts/artifacts/materializing-artifacts 301
/building-workflows/launch-plans/ /byoc/guide/core-concepts/launch-plans 301
/building-workflows/launch-plans /byoc/guide/core-concepts/launch-plans 301
/building-workflows/launch-plans/reactive-workflows/ /byoc/guide/core-concepts/launch-plans/reactive-workflows 301
/building-workflows/launch-plans/reactive-workflows /byoc/guide/core-concepts/launch-plans/reactive-workflows 301
/building-workflows/launch-plans/running-launch-plans/ /byoc/guide/core-concepts/launch-plans/running-launch-plans 301
/building-workflows/launch-plans/running-launch-plans /byoc/guide/core-concepts/launch-plans/running-launch-plans 301
/building-workflows/launch-plans/triggers/ /byoc/guide/core-concepts/launch-plans/reactive-workflows 301
/building-workflows/launch-plans/triggers /byoc/guide/core-concepts/launch-plans/reactive-workflows 301
/building-workflows/tasks/ /byoc/guide/core-concepts/tasks 301
/building-workflows/tasks /byoc/guide/core-concepts/tasks 301
/building-workflows/tasks/task-caching/ /byoc/guide/core-concepts/tasks/task-caching 301
/building-workflows/tasks/task-caching /byoc/guide/core-concepts/tasks/task-caching 301
/building-workflows/tasks/task-hardware-environment/ /byoc/guide/core-concepts/tasks/task-hardware-environment 301
/building-workflows/tasks/task-hardware-environment /byoc/guide/core-concepts/tasks/task-hardware-environment 301
/building-workflows/tasks/task-hardware-environment/accelerators/ /byoc/guide/core-concepts/tasks/task-hardware-environment/accelerators 301
/building-workflows/tasks/task-hardware-environment/accelerators /byoc/guide/core-concepts/tasks/task-hardware-environment/accelerators 301
/building-workflows/tasks/task-hardware-environment/customizing-task-resources/ /byoc/guide/core-concepts/tasks/task-hardware-environment/customizing-task-resources 301
/building-workflows/tasks/task-hardware-environment/customizing-task-resources /byoc/guide/core-concepts/tasks/task-hardware-environment/customizing-task-resources 301
/building-workflows/tasks/task-hardware-environment/interruptible-instances/ /byoc/guide/core-concepts/tasks/task-hardware-environment/interruptible-instances 301
/building-workflows/tasks/task-hardware-environment/interruptible-instances /byoc/guide/core-concepts/tasks/task-hardware-environment/interruptible-instances 301
/building-workflows/tasks/task-parameters/ /byoc/guide/core-concepts/tasks/task-parameters 301
/building-workflows/tasks/task-parameters /byoc/guide/core-concepts/tasks/task-parameters 301
/building-workflows/tasks/task-software-environment/ /byoc/guide/core-concepts/tasks/task-software-environment 301
/building-workflows/tasks/task-software-environment /byoc/guide/core-concepts/tasks/task-software-environment 301
/building-workflows/tasks/task-software-environment/environment-variables/ /byoc/guide/core-concepts/tasks/task-software-environment/environment-variables 301
/building-workflows/tasks/task-software-environment/environment-variables /byoc/guide/core-concepts/tasks/task-software-environment/environment-variables 301
/building-workflows/tasks/task-software-environment/imagespec-with-ecr/ /byoc/guide/core-concepts/tasks/task-software-environment/imagespec-with-ecr 301
/building-workflows/tasks/task-software-environment/imagespec-with-ecr /byoc/guide/core-concepts/tasks/task-software-environment/imagespec-with-ecr 301
/building-workflows/tasks/task-software-environment/imagespec-with-gar/ /byoc/guide/core-concepts/tasks/task-software-environment/imagespec-with-gar 301
/building-workflows/tasks/task-software-environment/imagespec-with-gar /byoc/guide/core-concepts/tasks/task-software-environment/imagespec-with-gar 301
/building-workflows/tasks/task-software-environment/imagespec/ /byoc/guide/core-concepts/tasks/task-software-environment/imagespec 301
/building-workflows/tasks/task-software-environment/imagespec /byoc/guide/core-concepts/tasks/task-software-environment/imagespec 301
/building-workflows/tasks/task-software-environment/secrets/ /byoc/guide/core-concepts/tasks/task-software-environment/secrets 301
/building-workflows/tasks/task-software-environment/secrets /byoc/guide/core-concepts/tasks/task-software-environment/secrets 301
/building-workflows/tasks/task-types/ /byoc/guide/core-concepts/tasks/task-types 301
/building-workflows/tasks/task-types /byoc/guide/core-concepts/tasks/task-types 301
/building-workflows/workflows/ /byoc/guide/core-concepts/workflows 301
/building-workflows/workflows /byoc/guide/core-concepts/workflows 301
/building-workflows/workflows/dynamic-workflows/ /byoc/guide/core-concepts/workflows/dynamic-workflows 301
/building-workflows/workflows/dynamic-workflows /byoc/guide/core-concepts/workflows/dynamic-workflows 301
/building-workflows/workflows/eager-workflows/ /byoc/guide/core-concepts/workflows/eager-workflows 301
/building-workflows/workflows/eager-workflows /byoc/guide/core-concepts/workflows/eager-workflows 301
/building-workflows/workflows/standard-workflows/ /byoc/guide/core-concepts/workflows/standard-workflows 301
/building-workflows/workflows/standard-workflows /byoc/guide/core-concepts/workflows/standard-workflows 301
/building-workflows/workflows/subworkflows/ /byoc/guide/core-concepts/workflows/subworkflows 301
/building-workflows/workflows/subworkflows /byoc/guide/core-concepts/workflows/subworkflows 301
/concepts/ /byoc/guide/core-concepts 301
/concepts /byoc/guide/core-concepts 301
/core-concepts/ /byoc/guide/core-concepts 301
/core-concepts /byoc/guide/core-concepts 301
/core-concepts/artifacts/ /byoc/guide/core-concepts/artifacts 301
/core-concepts/artifacts /byoc/guide/core-concepts/artifacts 301
/core-concepts/artifacts/connecting-workflows-with-artifact-event-triggers/ /byoc/guide/core-concepts/artifacts/connecting-workflows-with-artifact-event-triggers 301
/core-concepts/artifacts/connecting-workflows-with-artifact-event-triggers /byoc/guide/core-concepts/artifacts/connecting-workflows-with-artifact-event-triggers 301
/core-concepts/artifacts/consuming-artifacts-in-workflows/ /byoc/guide/core-concepts/artifacts/consuming-artifacts-in-workflows 301
/core-concepts/artifacts/consuming-artifacts-in-workflows /byoc/guide/core-concepts/artifacts/consuming-artifacts-in-workflows 301
/core-concepts/artifacts/declaring-artifacts/ /byoc/guide/core-concepts/artifacts/declaring-artifacts 301
/core-concepts/artifacts/declaring-artifacts /byoc/guide/core-concepts/artifacts/declaring-artifacts 301
/core-concepts/artifacts/materializing-artifacts/ /byoc/guide/core-concepts/artifacts/materializing-artifacts 301
/core-concepts/artifacts/materializing-artifacts /byoc/guide/core-concepts/artifacts/materializing-artifacts 301
/core-concepts/artifacts/viewing-artifacts/ /byoc/guide/core-concepts/artifacts/viewing-artifacts 301
/core-concepts/artifacts/viewing-artifacts /byoc/guide/core-concepts/artifacts/viewing-artifacts 301
/core-concepts/caching/ /byoc/guide/core-concepts/caching 301
/core-concepts/caching /byoc/guide/core-concepts/caching 301
/core-concepts/launch-plans/ /byoc/guide/core-concepts/launch-plans 301
/core-concepts/launch-plans /byoc/guide/core-concepts/launch-plans 301
/core-concepts/launch-plans/activating-and-deactivating-launch-plans/ /byoc/guide/core-concepts/launch-plans/activating-and-deactivating 301
/core-concepts/launch-plans/activating-and-deactivating-launch-plans /byoc/guide/core-concepts/launch-plans/activating-and-deactivating 301
/core-concepts/launch-plans/activating-and-deactivating/ /byoc/guide/core-concepts/launch-plans/activating-and-deactivating 301
/core-concepts/launch-plans/activating-and-deactivating /byoc/guide/core-concepts/launch-plans/activating-and-deactivating 301
/core-concepts/launch-plans/defining-launch-plans/ /byoc/guide/core-concepts/launch-plans/defining-launch-plans 301
/core-concepts/launch-plans/defining-launch-plans /byoc/guide/core-concepts/launch-plans/defining-launch-plans 301
/core-concepts/launch-plans/inspecting-launch-plans/ /byoc/guide/core-concepts/viewing-launch-plans 301
/core-concepts/launch-plans/inspecting-launch-plans /byoc/guide/core-concepts/viewing-launch-plans 301
/core-concepts/launch-plans/notifications/ /byoc/guide/core-concepts/launch-plans/notifications 301
/core-concepts/launch-plans/notifications /byoc/guide/core-concepts/launch-plans/notifications 301
/core-concepts/launch-plans/reactive-workflows/ /byoc/guide/core-concepts/launch-plans/reactive-workflows 301
/core-concepts/launch-plans/reactive-workflows /byoc/guide/core-concepts/launch-plans/reactive-workflows 301
/core-concepts/launch-plans/running-launch-plans/ /byoc/guide/core-concepts/launch-plans/running-launch-plans 301
/core-concepts/launch-plans/running-launch-plans /byoc/guide/core-concepts/launch-plans/running-launch-plans 301
/core-concepts/launch-plans/schedules/ /byoc/guide/core-concepts/launch-plans/schedules 301
/core-concepts/launch-plans/schedules /byoc/guide/core-concepts/launch-plans/schedules 301
/core-concepts/launch-plans/viewing-launch-plans/ /byoc/guide/core-concepts/launch-plans/viewing-launch-plans 301
/core-concepts/launch-plans/viewing-launch-plans /byoc/guide/core-concepts/launch-plans/viewing-launch-plans 301
/core-concepts/tasks/ /byoc/guide/core-concepts/tasks 301
/core-concepts/tasks /byoc/guide/core-concepts/tasks 301
/core-concepts/tasks/launching-tasks/ /byoc/guide/core-concepts/tasks/launching-tasks 301
/core-concepts/tasks/launching-tasks /byoc/guide/core-concepts/tasks/launching-tasks 301
/core-concepts/tasks/task-hardware-environment/ /byoc/guide/core-concepts/tasks/task-hardware-environment 301
/core-concepts/tasks/task-hardware-environment /byoc/guide/core-concepts/tasks/task-hardware-environment 301
/core-concepts/tasks/task-hardware-environment/accelerators/ /byoc/guide/core-concepts/tasks/task-hardware-environment/accelerators 301
/core-concepts/tasks/task-hardware-environment/accelerators /byoc/guide/core-concepts/tasks/task-hardware-environment/accelerators 301
/core-concepts/tasks/task-hardware-environment/customizing-task-resources/ /byoc/guide/core-concepts/tasks/task-hardware-environment/customizing-task-resources 301
/core-concepts/tasks/task-hardware-environment/customizing-task-resources /byoc/guide/core-concepts/tasks/task-hardware-environment/customizing-task-resources 301
/core-concepts/tasks/task-hardware-environment/interruptible-instances/ /byoc/guide/core-concepts/tasks/task-hardware-environment/interruptible-instances 301
/core-concepts/tasks/task-hardware-environment/interruptible-instances /byoc/guide/core-concepts/tasks/task-hardware-environment/interruptible-instances 301
/core-concepts/tasks/task-hardware-environment/task-level-monitoring/ /byoc/guide/core-concepts/tasks/task-hardware-environment/task-level-monitoring 301
/core-concepts/tasks/task-hardware-environment/task-level-monitoring /byoc/guide/core-concepts/tasks/task-hardware-environment/task-level-monitoring 301
/core-concepts/tasks/task-parameters/ /byoc/guide/core-concepts/tasks/task-parameters 301
/core-concepts/tasks/task-parameters /byoc/guide/core-concepts/tasks/task-parameters 301
/core-concepts/tasks/task-software-environment/ /byoc/guide/core-concepts/tasks/task-software-environment 301
/core-concepts/tasks/task-software-environment /byoc/guide/core-concepts/tasks/task-software-environment 301
/core-concepts/tasks/task-software-environment/environment-variables/ /byoc/guide/core-concepts/tasks/task-software-environment/environment-variables 301
/core-concepts/tasks/task-software-environment/environment-variables /byoc/guide/core-concepts/tasks/task-software-environment/environment-variables 301
/core-concepts/tasks/task-software-environment/imagespec-with-ecr/ /byoc/guide/core-concepts/tasks/task-software-environment/imagespec-with-ecr 301
/core-concepts/tasks/task-software-environment/imagespec-with-ecr /byoc/guide/core-concepts/tasks/task-software-environment/imagespec-with-ecr 301
/core-concepts/tasks/task-software-environment/imagespec-with-gar/ /byoc/guide/core-concepts/tasks/task-software-environment/imagespec-with-gar 301
/core-concepts/tasks/task-software-environment/imagespec-with-gar /byoc/guide/core-concepts/tasks/task-software-environment/imagespec-with-gar 301
/core-concepts/tasks/task-software-environment/imagespec/ /byoc/guide/core-concepts/tasks/task-software-environment/imagespec 301
/core-concepts/tasks/task-software-environment/imagespec /byoc/guide/core-concepts/tasks/task-software-environment/imagespec 301
/core-concepts/tasks/task-software-environment/secrets/ /byoc/guide/core-concepts/tasks/task-software-environment/secrets 301
/core-concepts/tasks/task-software-environment/secrets /byoc/guide/core-concepts/tasks/task-software-environment/secrets 301
/core-concepts/tasks/task-types/ /byoc/guide/core-concepts/tasks/task-types 301
/core-concepts/tasks/task-types /byoc/guide/core-concepts/tasks/task-types 301
/core-concepts/tasks/viewing-cloudwatch-logs-for-a-task/ /byoc/guide/core-concepts/tasks/viewing-logs 301
/core-concepts/tasks/viewing-cloudwatch-logs-for-a-task /byoc/guide/core-concepts/tasks/viewing-logs 301
/core-concepts/tasks/viewing-logs/ /byoc/guide/core-concepts/tasks/viewing-logs 301
/core-concepts/tasks/viewing-logs /byoc/guide/core-concepts/tasks/viewing-logs 301
/core-concepts/tasks/viewing-tasks/ /byoc/guide/core-concepts/tasks/viewing-tasks 301
/core-concepts/tasks/viewing-tasks /byoc/guide/core-concepts/tasks/viewing-tasks 301
/core-concepts/workflows/ /byoc/guide/core-concepts/workflows 301
/core-concepts/workflows /byoc/guide/core-concepts/workflows 301
/core-concepts/workflows/dynamic-workflows/ /byoc/guide/core-concepts/workflows/dynamic-workflows 301
/core-concepts/workflows/dynamic-workflows /byoc/guide/core-concepts/workflows/dynamic-workflows 301
/core-concepts/workflows/eager-workflows/ /byoc/guide/core-concepts/workflows/eager-workflows 301
/core-concepts/workflows/eager-workflows /byoc/guide/core-concepts/workflows/eager-workflows 301
/core-concepts/workflows/launching-workflows/ /byoc/guide/core-concepts/workflows/launching-workflows 301
/core-concepts/workflows/launching-workflows /byoc/guide/core-concepts/workflows/launching-workflows 301
/core-concepts/workflows/standard-workflows/ /byoc/guide/core-concepts/workflows/standard-workflows 301
/core-concepts/workflows/standard-workflows /byoc/guide/core-concepts/workflows/standard-workflows 301
/core-concepts/workflows/subworkflows-and-sub-launch-plans/ /byoc/guide/core-concepts/workflows/subworkflows-and-sub-launch-plans 301
/core-concepts/workflows/subworkflows-and-sub-launch-plans /byoc/guide/core-concepts/workflows/subworkflows-and-sub-launch-plans 301
/core-concepts/workflows/subworkflows/ /byoc/guide/core-concepts/workflows/subworkflows-and-sub-launch-plans 301
/core-concepts/workflows/subworkflows /byoc/guide/core-concepts/workflows/subworkflows-and-sub-launch-plans 301
/core-concepts/workflows/viewing-workflow-executions/ /byoc/guide/core-concepts/workflows/viewing-workflow-executions 301
/core-concepts/workflows/viewing-workflow-executions /byoc/guide/core-concepts/workflows/viewing-workflow-executions 301
/core-concepts/workflows/viewing-workflows/ /byoc/guide/core-concepts/workflows/viewing-workflows 301
/core-concepts/workflows/viewing-workflows /byoc/guide/core-concepts/workflows/viewing-workflows 301
/data-input-output/ /byoc/guide/data-input-output 301
/data-input-output /byoc/guide/data-input-output 301
/data-input-output/accelerated-datasets/ /byoc/guide/data-input-output/accelerated-datasets 301
/data-input-output/accelerated-datasets /byoc/guide/data-input-output/accelerated-datasets 301
/data-input-output/flytefile/ /byoc/guide/data-input-output/flytefile 301
/data-input-output/flytefile /byoc/guide/data-input-output/flytefile 301
/data-plane-setup/ /byoc/guide/data-plane-setup 301
/data-plane-setup /byoc/guide/data-plane-setup 301
/data-plane-setup/configuring-your-data-plane/ /byoc/guide/data-plane-setup/configuring-your-data-plane 301
/data-plane-setup/configuring-your-data-plane /byoc/guide/data-plane-setup/configuring-your-data-plane 301
/data-plane-setup/data-plane-setup-on-aws/ /byoc/guide/data-plane-setup/data-plane-setup-on-aws 301
/data-plane-setup/data-plane-setup-on-aws /byoc/guide/data-plane-setup/data-plane-setup-on-aws 301
/data-plane-setup/data-plane-setup-on-gcp/ /byoc/guide/data-plane-setup/data-plane-setup-on-gcp 301
/data-plane-setup/data-plane-setup-on-gcp /byoc/guide/data-plane-setup/data-plane-setup-on-gcp 301
/data-plane-setup/multi-cluster/ /byoc/guide/data-plane-setup/multi-cluster 301
/data-plane-setup/multi-cluster /byoc/guide/data-plane-setup/multi-cluster 301
/data-plane-setup/single-sign-on-setup/ /byoc/guide/data-plane-setup/single-sign-on-setup 301
/data-plane-setup/single-sign-on-setup /byoc/guide/data-plane-setup/single-sign-on-setup 301
/data-plane-setup/single-sign-on-setup/microsoft-entra-id/ /byoc/guide/data-plane-setup/single-sign-on-setup/microsoft-entra-id 301
/data-plane-setup/single-sign-on-setup/microsoft-entra-id /byoc/guide/data-plane-setup/single-sign-on-setup/microsoft-entra-id 301
/data-plane-setup/single-sign-on-setup/other-identity-providers/ /byoc/guide/data-plane-setup/single-sign-on-setup/other-identity-providers 301
/data-plane-setup/single-sign-on-setup/other-identity-providers /byoc/guide/data-plane-setup/single-sign-on-setup/other-identity-providers 301
/developing-workflows/ /byoc/guide/core-concepts 301
/developing-workflows /byoc/guide/core-concepts 301
/developing-workflows/accelerated-datasets/ /byoc/guide/data-input-output/accelerated-datasets 301
/developing-workflows/accelerated-datasets /byoc/guide/data-input-output/accelerated-datasets 301
/developing-workflows/artifacts/ /byoc/guide/core-concepts/artifacts 301
/developing-workflows/artifacts /byoc/guide/core-concepts/artifacts 301
/developing-workflows/artifacts/connecting-workflows-with-artifact-event-triggers/ /byoc/guide/core-concepts/artifacts/connecting-workflows-with-artifact-event-triggers 301
/developing-workflows/artifacts/connecting-workflows-with-artifact-event-triggers /byoc/guide/core-concepts/artifacts/connecting-workflows-with-artifact-event-triggers 301
/developing-workflows/artifacts/connecting-workflows-with-triggers-via-artifact-events/ /byoc/guide/core-concepts/artifacts/connecting-workflows-with-artifact-event-triggers 301
/developing-workflows/artifacts/connecting-workflows-with-triggers-via-artifact-events /byoc/guide/core-concepts/artifacts/connecting-workflows-with-artifact-event-triggers 301
/developing-workflows/artifacts/consuming-artifacts-in-workflows/ /byoc/guide/core-concepts/artifacts/consuming-artifacts-in-workflows 301
/developing-workflows/artifacts/consuming-artifacts-in-workflows /byoc/guide/core-concepts/artifacts/consuming-artifacts-in-workflows 301
/developing-workflows/artifacts/declaring-artifacts/ /byoc/guide/core-concepts/artifacts/declaring-artifacts 301
/developing-workflows/artifacts/declaring-artifacts /byoc/guide/core-concepts/artifacts/declaring-artifacts 301
/developing-workflows/artifacts/materializing-artifacts/ /byoc/guide/core-concepts/artifacts/materializing-artifacts 301
/developing-workflows/artifacts/materializing-artifacts /byoc/guide/core-concepts/artifacts/materializing-artifacts 301
/developing-workflows/caching/ /byoc/guide/core-concepts/tasks/task-caching 301
/developing-workflows/caching /byoc/guide/core-concepts/tasks/task-caching 301
/developing-workflows/customizing-task-resources/ /byoc/guide/core-concepts/tasks/task-hardware-environment/customizing-task-resources 301
/developing-workflows/customizing-task-resources /byoc/guide/core-concepts/tasks/task-hardware-environment/customizing-task-resources 301
/developing-workflows/flytefile/ /byoc/guide/data-input-output/flytefile 301
/developing-workflows/flytefile /byoc/guide/data-input-output/flytefile 301
/developing-workflows/heterogeneous-tasks/ /byoc/guide/core-concepts/tasks 301
/developing-workflows/heterogeneous-tasks /byoc/guide/core-concepts/tasks 301
/developing-workflows/imagespec/ /byoc/guide/core-concepts/tasks/task-software-environment/imagespec 301
/developing-workflows/imagespec /byoc/guide/core-concepts/tasks/task-software-environment/imagespec 301
/developing-workflows/imagespec/imagespec-with-ecr/ /byoc/guide/core-concepts/tasks/task-software-environment/imagespec-with-ecr 301
/developing-workflows/imagespec/imagespec-with-ecr /byoc/guide/core-concepts/tasks/task-software-environment/imagespec-with-ecr 301
/developing-workflows/imagespec/imagespec-with-gar/ /byoc/guide/core-concepts/tasks/task-software-environment/imagespec-with-gar 301
/developing-workflows/imagespec/imagespec-with-gar /byoc/guide/core-concepts/tasks/task-software-environment/imagespec-with-gar 301
/developing-workflows/interactive-tasks/ /byoc/guide/development-cycle/debugging-with-interactive-tasks 301
/developing-workflows/interactive-tasks /byoc/guide/development-cycle/debugging-with-interactive-tasks 301
/developing-workflows/interruptible-instances/ /byoc/guide/core-concepts/tasks/task-hardware-environment/interruptible-instances 301
/developing-workflows/interruptible-instances /byoc/guide/core-concepts/tasks/task-hardware-environment/interruptible-instances 301
/developing-workflows/registering-workflows/ /byoc/guide/development-cycle/registering-workflows 301
/developing-workflows/registering-workflows /byoc/guide/development-cycle/registering-workflows 301
/developing-workflows/setting-up-ci-cd-deployment/ /byoc/guide/development-cycle/setting-up-ci-cd-deployment 301
/developing-workflows/setting-up-ci-cd-deployment /byoc/guide/development-cycle/setting-up-ci-cd-deployment 301
/developing-workflows/spot-instances/ /byoc/guide/core-concepts/tasks/task-hardware-environment/interruptible-instances 301
/developing-workflows/spot-instances /byoc/guide/core-concepts/tasks/task-hardware-environment/interruptible-instances 301
/developing-workflows/task-execution-context/ /byoc/guide/core-concepts/tasks/task-software-environment/imagespec 301
/developing-workflows/task-execution-context /byoc/guide/core-concepts/tasks/task-software-environment/imagespec 301
/developing-workflows/triggers/ /byoc/guide/core-concepts/launch-plans/reactive-workflows 301
/developing-workflows/triggers /byoc/guide/core-concepts/launch-plans/reactive-workflows 301
/developing-workflows/unionremote/ /byoc/guide/development-cycle/union-remote 301
/developing-workflows/unionremote /byoc/guide/development-cycle/union-remote 301
/development-cycle/ /byoc/guide/development-cycle 301
/development-cycle /byoc/guide/development-cycle 301
/development-cycle/interactive-tasks/ /byoc/guide/development-cycle/debugging-with-interactive-tasks 301
/development-cycle/interactive-tasks /byoc/guide/development-cycle/debugging-with-interactive-tasks 301
/development-cycle/registering-workflows/ /byoc/guide/development-cycle/running-your-code 301
/development-cycle/registering-workflows /byoc/guide/development-cycle/running-your-code 301
/development-cycle/setting-up-ci-cd-deployment/ /byoc/guide/development-cycle/ci-cd-deployment 301
/development-cycle/setting-up-ci-cd-deployment /byoc/guide/development-cycle/ci-cd-deployment 301
/development-cycle/task-resource-validation/ /byoc/guide/development-cycle/task-resource-validation 301
/development-cycle/task-resource-validation /byoc/guide/development-cycle/task-resource-validation 301
/development-cycle/unionremote/ /byoc/guide/development-cycle/union-remote 301
/development-cycle/unionremote /byoc/guide/development-cycle/union-remote 301
/faq/ /byoc/guide/faq 301
/faq /byoc/guide/faq 301
/flyte-fundamentals/ /byoc/guide/core-concepts 301
/flyte-fundamentals /byoc/guide/core-concepts 301
/flyte-fundamentals/caching/ /byoc/guide/core-concepts/tasks/task-caching 301
/flyte-fundamentals/caching /byoc/guide/core-concepts/tasks/task-caching 301
/flyte-fundamentals/customizing-task-resources/ /byoc/guide/core-concepts/tasks/task-hardware-environment/customizing-task-resources 301
/flyte-fundamentals/customizing-task-resources /byoc/guide/core-concepts/tasks/task-hardware-environment/customizing-task-resources 301
/flyte-fundamentals/flytefile/ /byoc/guide/data-input-output/flytefile 301
/flyte-fundamentals/flytefile /byoc/guide/data-input-output/flytefile 301
/flyte-fundamentals/task-execution-context/ /byoc/guide/core-concepts/tasks/task-software-environment/imagespec 301
/flyte-fundamentals/task-execution-context /byoc/guide/core-concepts/tasks/task-software-environment/imagespec 301

/integrations/ /byoc/guide/integrations 301
/integrations /byoc/guide/integrations 301
/integrations/additional-integrations/ /byoc/guide/integrations/agents 301
/integrations/additional-integrations /byoc/guide/integrations/agents 301
/integrations/additional-integrations/airflow-agent/ /byoc/guide/integrations/agents/airflow-agent 301
/integrations/additional-integrations/airflow-agent /byoc/guide/integrations/agents/airflow-agent 301
/integrations/additional-integrations/airflow-agent/airflow-agent-example/ /byoc/guide/integrations/agents/airflow-agent/airflow-agent-example 301
/integrations/additional-integrations/airflow-agent/airflow-agent-example /byoc/guide/integrations/agents/airflow-agent/airflow-agent-example 301
/integrations/additional-integrations/bigquery-agent/ /byoc/guide/integrations/agents/bigquery-agent 301
/integrations/additional-integrations/bigquery-agent /byoc/guide/integrations/agents/bigquery-agent 301
/integrations/additional-integrations/bigquery-agent/bigquery-agent-example/ /byoc/guide/integrations/agents/bigquery-agent/bigquery-agent-example 301
/integrations/additional-integrations/bigquery-agent/bigquery-agent-example /byoc/guide/integrations/agents/bigquery-agent/bigquery-agent-example 301
/integrations/additional-integrations/chatgpt-agent/ /byoc/guide/integrations/agents/openai-agents/chatgpt-agent-example 301
/integrations/additional-integrations/chatgpt-agent /byoc/guide/integrations/agents/openai-agents/chatgpt-agent-example 301
/integrations/additional-integrations/chatgpt-agent/chatgpt-agent-example/ /byoc/guide/integrations/agents/openai-agents/chatgpt-agent-example 301
/integrations/additional-integrations/chatgpt-agent/chatgpt-agent-example /byoc/guide/integrations/agents/openai-agents/chatgpt-agent-example 301
/integrations/additional-integrations/databricks-agent/ /byoc/guide/integrations/agents/databricks-agent 301
/integrations/additional-integrations/databricks-agent /byoc/guide/integrations/agents/databricks-agent 301
/integrations/additional-integrations/databricks-agent/databricks-agent-example/ /byoc/guide/integrations/agents/databricks-agent/databricks-agent-example 301
/integrations/additional-integrations/databricks-agent/databricks-agent-example /byoc/guide/integrations/agents/databricks-agent/databricks-agent-example 301
/integrations/additional-integrations/file-sensor-agent/ /byoc/guide/integrations/agents/file-sensor-agent 301
/integrations/additional-integrations/file-sensor-agent /byoc/guide/integrations/agents/file-sensor-agent 301
/integrations/additional-integrations/file-sensor-agent/file-sensor-agent-example/ /byoc/guide/integrations/agents/file-sensor-agent/file-sensor-agent-example 301
/integrations/additional-integrations/file-sensor-agent/file-sensor-agent-example /byoc/guide/integrations/agents/file-sensor-agent/file-sensor-agent-example 301
/integrations/additional-integrations/mmcloud-agent/ /byoc/guide/integrations/agents/mmcloud-agent 301
/integrations/additional-integrations/mmcloud-agent /byoc/guide/integrations/agents/mmcloud-agent 301
/integrations/additional-integrations/mmcloud-agent/mmcloud-agent-example/ /byoc/guide/integrations/agents/mmcloud-agent/mmcloud-agent-example 301
/integrations/additional-integrations/mmcloud-agent/mmcloud-agent-example /byoc/guide/integrations/agents/mmcloud-agent/mmcloud-agent-example 301
/integrations/additional-integrations/snowflake-agent/ /byoc/guide/integrations/agents/snowflake-agent 301
/integrations/additional-integrations/snowflake-agent /byoc/guide/integrations/agents/snowflake-agent 301
/integrations/additional-integrations/snowflake-agent/snowflake-agent-example/ /byoc/guide/integrations/agents/snowflake-agent/snowflake-agent-example 301
/integrations/additional-integrations/snowflake-agent/snowflake-agent-example /byoc/guide/integrations/agents/snowflake-agent/snowflake-agent-example 301
/integrations/agents/ /byoc/guide/integrations/agents 301
/integrations/agents /byoc/guide/integrations/agents 301
/integrations/agents/airflow-agent/ /byoc/guide/integrations/agents/airflow-agent 301
/integrations/agents/airflow-agent /byoc/guide/integrations/agents/airflow-agent 301
/integrations/agents/airflow-agent/airflow-agent-example/ /byoc/guide/integrations/agents/airflow-agent/airflow-agent-example 301
/integrations/agents/airflow-agent/airflow-agent-example /byoc/guide/integrations/agents/airflow-agent/airflow-agent-example 301
/integrations/agents/bigquery-agent/ /byoc/guide/integrations/agents/bigquery-agent 301
/integrations/agents/bigquery-agent /byoc/guide/integrations/agents/bigquery-agent 301
/integrations/agents/bigquery-agent/bigquery-agent-example/ /byoc/guide/integrations/agents/bigquery-agent/bigquery-agent-example 301
/integrations/agents/bigquery-agent/bigquery-agent-example /byoc/guide/integrations/agents/bigquery-agent/bigquery-agent-example 301
/integrations/agents/chatgpt-agent/ /byoc/guide/integrations/agents/chatgpt-agent 301
/integrations/agents/chatgpt-agent /byoc/guide/integrations/agents/chatgpt-agent 301
/integrations/agents/chatgpt-agent/chatgpt-agent-example/ /byoc/guide/integrations/agents/chatgpt-agent/chatgpt-agent-example 301
/integrations/agents/chatgpt-agent/chatgpt-agent-example /byoc/guide/integrations/agents/chatgpt-agent/chatgpt-agent-example 301
/integrations/agents/databricks-agent/ /byoc/guide/integrations/agents/databricks-agent 301
/integrations/agents/databricks-agent /byoc/guide/integrations/agents/databricks-agent 301
/integrations/agents/databricks-agent/databricks-agent-example/ /byoc/guide/integrations/agents/databricks-agent/databricks-agent-example 301
/integrations/agents/databricks-agent/databricks-agent-example /byoc/guide/integrations/agents/databricks-agent/databricks-agent-example 301
/integrations/agents/dgx-agent/ /byoc/guide/integrations/agents/dgx-agent 301
/integrations/agents/dgx-agent /byoc/guide/integrations/agents/dgx-agent 301
/integrations/agents/file-sensor-agent/ /byoc/guide/integrations/agents/file-sensor-agent 301
/integrations/agents/file-sensor-agent /byoc/guide/integrations/agents/file-sensor-agent 301
/integrations/agents/file-sensor-agent/file-sensor-agent-example/ /byoc/guide/integrations/agents/file-sensor-agent/file-sensor-agent-example 301
/integrations/agents/file-sensor-agent/file-sensor-agent-example /byoc/guide/integrations/agents/file-sensor-agent/file-sensor-agent-example 301
/integrations/agents/mmcloud-agent/ /byoc/guide/integrations/agents/mmcloud-agent 301
/integrations/agents/mmcloud-agent /byoc/guide/integrations/agents/mmcloud-agent 301
/integrations/agents/mmcloud-agent/mmcloud-agent-example/ /byoc/guide/integrations/agents/mmcloud-agent/mmcloud-agent-example 301
/integrations/agents/mmcloud-agent/mmcloud-agent-example /byoc/guide/integrations/agents/mmcloud-agent/mmcloud-agent-example 301
/integrations/agents/sagemaker-agent/ /byoc/guide/integrations/agents/sagemaker-agent 301
/integrations/agents/sagemaker-agent /byoc/guide/integrations/agents/sagemaker-agent 301
/integrations/agents/sagemaker-agent/sagemaker-agent-example/ /byoc/guide/integrations/agents/sagemaker-agent/sagemaker-agent-example 301
/integrations/agents/sagemaker-agent/sagemaker-agent-example /byoc/guide/integrations/agents/sagemaker-agent/sagemaker-agent-example 301
/integrations/agents/snowflake-agent/ /byoc/guide/integrations/agents/snowflake-agent 301
/integrations/agents/snowflake-agent /byoc/guide/integrations/agents/snowflake-agent 301
/integrations/agents/snowflake-agent/snowflake-agent-example/ /byoc/guide/integrations/agents/snowflake-agent/snowflake-agent-example 301
/integrations/agents/snowflake-agent/snowflake-agent-example /byoc/guide/integrations/agents/snowflake-agent/snowflake-agent-example 301
/integrations/enabling-aws-resources/ /byoc/guide/integrations/enabling-aws-resources 301
/integrations/enabling-aws-resources /byoc/guide/integrations/enabling-aws-resources 301
/integrations/enabling-aws-resources/enabling-aws-ecr/ /byoc/guide/integrations/enabling-aws-resources/enabling-aws-ecr 301
/integrations/enabling-aws-resources/enabling-aws-ecr /byoc/guide/integrations/enabling-aws-resources/enabling-aws-ecr 301
/integrations/enabling-aws-resources/enabling-aws-s3/ /byoc/guide/integrations/enabling-aws-resources/enabling-aws-s3 301
/integrations/enabling-aws-resources/enabling-aws-s3 /byoc/guide/integrations/enabling-aws-resources/enabling-aws-s3 301
/integrations/enabling-aws-resources/enabling-aws-secrets-manager/ /byoc/guide/integrations/enabling-aws-resources/enabling-aws-secrets-manager 301
/integrations/enabling-aws-resources/enabling-aws-secrets-manager /byoc/guide/integrations/enabling-aws-resources/enabling-aws-secrets-manager 301
/integrations/enabling-gcp-resources/ /byoc/guide/integrations/enabling-gcp-resources 301
/integrations/enabling-gcp-resources /byoc/guide/integrations/enabling-gcp-resources 301
/integrations/enabling-gcp-resources/enabling-bigquery/ /byoc/guide/integrations/enabling-gcp-resources/enabling-bigquery 301
/integrations/enabling-gcp-resources/enabling-bigquery /byoc/guide/integrations/enabling-gcp-resources/enabling-bigquery 301
/integrations/enabling-gcp-resources/enabling-google-artifact-registry/ /byoc/guide/integrations/enabling-gcp-resources/enabling-google-artifact-registry 301
/integrations/enabling-gcp-resources/enabling-google-artifact-registry /byoc/guide/integrations/enabling-gcp-resources/enabling-google-artifact-registry 301
/integrations/enabling-gcp-resources/enabling-google-cloud-storage/ /byoc/guide/integrations/enabling-gcp-resources/enabling-google-cloud-storage 301
/integrations/enabling-gcp-resources/enabling-google-cloud-storage /byoc/guide/integrations/enabling-gcp-resources/enabling-google-cloud-storage 301
/integrations/enabling-gcp-resources/enabling-google-secret-manager/ /byoc/guide/integrations/enabling-gcp-resources/enabling-google-secret-manager 301
/integrations/enabling-gcp-resources/enabling-google-secret-manager /byoc/guide/integrations/enabling-gcp-resources/enabling-google-secret-manager 301
/onboarding/onboard-with-amazon-web-services/ /byoc/guide/data-plane-setup/data-plane-setup-on-aws 301
/onboarding/onboard-with-amazon-web-services /byoc/guide/data-plane-setup/data-plane-setup-on-aws 301
/onboarding/onboard-with-google-cloud-platform/ /byoc/guide/data-plane-setup/data-plane-setup-on-gcp 301
/onboarding/onboard-with-google-cloud-platform /byoc/guide/data-plane-setup/data-plane-setup-on-gcp 301
/onboarding/README/ /byoc/guide/data-plane-setup 301
/onboarding/README /byoc/guide/data-plane-setup 301
/platform-architecture/ /byoc/guide/platform-architecture 301
/platform-architecture /byoc/guide/platform-architecture 301
/release-notes/ /byoc 301
/release-notes /byoc 301
/running-workflows/ /byoc/guide/core-concepts/workflows 301
/running-workflows /byoc/guide/core-concepts/workflows 301
/running-workflows/execution-view/ /byoc/guide/core-concepts/workflows/viewing-workflow-executions 301
/running-workflows/execution-view /byoc/guide/core-concepts/workflows/viewing-workflow-executions 301
/running-workflows/launching-workflows-and-tasks/ /byoc/guide/core-concepts/workflows/launching-workflows 301
/running-workflows/launching-workflows-and-tasks /byoc/guide/core-concepts/workflows/launching-workflows 301
/running-workflows/logging/ /byoc/guide/core-concepts/workflows/viewing-workflow-executions 301
/running-workflows/logging /byoc/guide/core-concepts/workflows/viewing-workflow-executions 301
/running-workflows/project-view/ /byoc/guide/core-concepts/workflows/viewing-workflows 301
/running-workflows/project-view /byoc/guide/core-concepts/workflows/viewing-workflows 301
/running-workflows/registering-workflows/ /byoc/guide/development-cycle/running-your-code 301
/running-workflows/registering-workflows /byoc/guide/development-cycle/running-your-code 301
/running-workflows/resource-monitoring/ /byoc/guide/administration/usage 301
/running-workflows/resource-monitoring /byoc/guide/administration/usage 301
/running-workflows/task-level-monitoring/ /byoc/guide/core-concepts/tasks/task-hardware-environment/task-level-monitoring 301
/running-workflows/task-level-monitoring /byoc/guide/core-concepts/tasks/task-hardware-environment/task-level-monitoring 301
/running-workflows/web-console/ /byoc/guide/core-concepts 301
/running-workflows/web-console /byoc/guide/core-concepts 301
/union-and-flyte/ /byoc/guide/union-overview 301
/union-and-flyte /byoc/guide/union-overview 301
/union-cloud-and-flyte/ /byoc/guide/union-overview 301
/union-cloud-and-flyte /byoc/guide/union-overview 301
/web-console/ /byoc/guide/core-concepts 301
/web-console /byoc/guide/core-concepts 301
/web-console/artifact-list/ /byoc/guide/core-concepts/artifacts/viewing-artifacts 301
/web-console/artifact-list /byoc/guide/core-concepts/artifacts/viewing-artifacts 301
/web-console/artifact-view/ /byoc/guide/core-concepts/artifacts/viewing-artifacts 301
/web-console/artifact-view /byoc/guide/core-concepts/artifacts/viewing-artifacts 301
/web-console/execution-list/ /byoc/guide/core-concepts/workflows/viewing-workflow-executions 301
/web-console/execution-list /byoc/guide/core-concepts/workflows/viewing-workflow-executions 301
/web-console/execution-view/ /byoc/guide/core-concepts/workflows/viewing-workflow-executions 301
/web-console/execution-view /byoc/guide/core-concepts/workflows/viewing-workflow-executions 301
/web-console/launch-plan-list/ /byoc/guide/core-concepts/launch-plans/inspecting-launch-plans 301
/web-console/launch-plan-list /byoc/guide/core-concepts/launch-plans/inspecting-launch-plans 301
/web-console/launch-plan-view/ /byoc/guide/core-concepts/launch-plans/inspecting-launch-plans 301
/web-console/launch-plan-view /byoc/guide/core-concepts/launch-plans/inspecting-launch-plans 301
/web-console/launching-workflows-and-tasks/ /byoc/guide/core-concepts/workflows/launching-workflows 301
/web-console/launching-workflows-and-tasks /byoc/guide/core-concepts/workflows/launching-workflows 301
/web-console/logging/ /byoc/guide/core-concepts/tasks/viewing-cloudwatch-logs-for-a-task 301
/web-console/logging /byoc/guide/core-concepts/tasks/viewing-cloudwatch-logs-for-a-task 301
/web-console/task-level-monitoring/ /byoc/guide/core-concepts/tasks/task-hardware-environment/task-level-monitoring 301
/web-console/task-level-monitoring /byoc/guide/core-concepts/tasks/task-hardware-environment/task-level-monitoring 301
/web-console/task-list/ /byoc/guide/core-concepts/tasks/viewing-tasks 301
/web-console/task-list /byoc/guide/core-concepts/tasks/viewing-tasks 301
/web-console/task-view/ /byoc/guide/core-concepts/tasks/viewing-tasks 301
/web-console/task-view /byoc/guide/core-concepts/tasks/viewing-tasks 301
/web-console/usage-view/ /byoc/guide/administration/usage 301
/web-console/usage-view /byoc/guide/administration/usage 301

/byoc/getting-started/ /byoc/guide/quick-start 301
/byoc/getting-started /byoc/guide/quick-start 301
/serverless/getting-started/ /serverless/guide/quick-start 301
/serverless/getting-started /serverless/guide/quick-start 301
/byoc/getting-started/installing-development-tools/ /byoc/guide/quickstart 301
/byoc/getting-started/installing-development-tools /byoc/guide/quickstart 301
/serverless/getting-started/installing-development-tools/ /serverless/guide/quickstart 301
/serverless/getting-started/installing-development-tools /serverless/guide/quickstart 301

/getting-started/ /byoc/guide/first-workflow 301
/getting-started /byoc/guide/first-workflow 301
/byoc/getting-started/machine-learning-example/ /byoc/guide/first-workflow 301
/byoc/getting-started/machine-learning-example /byoc/guide/first-workflow 301
/serverless/getting-started/machine-learning-example/ /serverless/guide/first-workflow 301
/serverless/getting-started/machine-learning-example /serverless/guide/first-workflow 301

/getting-started/installing-development-tools/ /byoc/guide/first-workflow/setting-up-your-local-environment 301
/getting-started/installing-development-tools /byoc/guide/first-workflow/setting-up-your-local-environment 301

/byoc/getting-started/setting-up-container-image-handling/ /byoc/guide/first-workflow/setting-up-container-image-handling 301
/byoc/getting-started/setting-up-container-image-handling /byoc/guide/first-workflow/setting-up-container-image-handling 301
/serverless/getting-started/setting-up-container-image-handling/ /serverless/guide/first-workflow/setting-up-container-image-handling 301
/serverless/getting-started/setting-up-container-image-handling /serverless/guide/first-workflow/setting-up-container-image-handling 301

/getting-started/more-resources/ /byoc/guide/development-cycle 301
/getting-started/more-resources /byoc/guide/development-cycle 301
/byoc/getting-started/more-resources/ /byoc/guide/development-cycle 301
/byoc/getting-started/more-resources /byoc/guide/development-cycle 301
/serverless/getting-started/more-resources/ /serverless/guide/development-cycle 301
/serverless/getting-started/more-resources /serverless/guide/development-cycle 301

/getting-started/setting-up-the-project-on-union-cloud/ /byoc/guide/development-cycle/setting-up-a-project 301
/getting-started/setting-up-the-project-on-union-cloud /byoc/guide/development-cycle/setting-up-a-project 301
/getting-started/setting-up-the-project-on-union/ /byoc/guide/development-cycle/setting-up-a-project 301
/getting-started/setting-up-the-project-on-union /byoc/guide/development-cycle/setting-up-a-project 301
/getting-started/creating-the-project/ /byoc/guide/development-cycle/setting-up-a-project 301
/getting-started/creating-the-project /byoc/guide/development-cycle/setting-up-a-project 301
/byoc/getting-started/creating-the-project/ /byoc/guide/development-cycle/setting-up-a-project 301
/byoc/getting-started/creating-the-project /byoc/guide/development-cycle/setting-up-a-project 301
/serverless/getting-started/creating-the-project/ /serverless/guide/development-cycle/setting-up-a-project 301
/serverless/getting-started/creating-the-project /serverless/guide/development-cycle/setting-up-a-project 301
/getting-started/looking-at-the-workflow-code/ /byoc/guide/development-cycle/setting-up-a-project 301
/getting-started/looking-at-the-workflow-code /byoc/guide/development-cycle/setting-up-a-project 301

/byoc/getting-started/adding-custom-dependencies/ /byoc/guide/development-cycle/remote-dependencies-with-image-spec 301
/byoc/getting-started/adding-custom-dependencies /byoc/guide/development-cycle/remote-dependencies-with-image-spec 301
/serverless/getting-started/adding-custom-dependencies/ /serverless/guide/development-cycle/remote-dependencies-with-image-spec 301
/serverless/getting-started/adding-custom-dependencies /serverless/guide/development-cycle/remote-dependencies-with-image-spec 301

/getting-started/running-in-a-local-python-environment/ /byoc/guide/development-cycle/running-your-code 301
/getting-started/running-in-a-local-python-environment /byoc/guide/development-cycle/running-your-code 301
/getting-started/registering-workflows/ /byoc/guide/development-cycle/running-you-code 301
/getting-started/registering-workflows /byoc/guide/development-cycle/running-you-code 301
/getting-started/deploying-the-project-on-union-cloud/ /byoc/guide/development-cycle/running-your-code 301
/getting-started/deploying-the-project-on-union-cloud /byoc/guide/development-cycle/running-your-code 301
/getting-started/deploying-the-project-on-union/ /byoc/guide/development-cycle/running-your-code 301
/getting-started/deploying-the-project-on-union /byoc/guide/development-cycle/running-your-code 301
/byoc/getting-started/deploying-the-project-on-union/ /byoc/guide/development-cycle/running-your-code 301
/byoc/getting-started/deploying-the-project-on-union /byoc/guide/development-cycle/running-your-code 301
/serverless/getting-started/deploying-the-project-on-union/ /serverless/guide/development-cycle/running-your-code 301
/serverless/getting-started/deploying-the-project-on-union /serverless/guide/development-cycle/running-your-code 301
/byoc/getting-started/running-in-a-local-python-environment/ /byoc/guide/development-cycle/running-your-code 301
/byoc/getting-started/running-in-a-local-python-environment /byoc/guide/development-cycle/running-your-code 301
/serverless/getting-started/running-in-a-local-python-environment/ /serverless/guide/development-cycle/running-your-code 301
/serverless/getting-started/running-in-a-local-python-environment /serverless/guide/development-cycle/running-your-code 301
/byoc/development-cycle/registering-workflows/ /byoc/guide/development-cycle/running-your-code 301
/byoc/development-cycle/registering-workflows /byoc/guide/development-cycle/running-your-code 301
/serverless/development-cycle/registering-workflows/ /serverless/guide/development-cycle/running-your-code 301
/serverless/development-cycle/registering-workflows /serverless/guide/development-cycle/running-your-code 301

/getting-started/looking-at-the-dependencies/ /byoc/guide/development-cycle/local-dependencies 301
/getting-started/looking-at-the-dependencies /byoc/guide/development-cycle/local-dependencies 301
/byoc/getting-started/looking-at-the-dependencies/ /byoc/guide/development-cycle/local-dependencies 301
/byoc/getting-started/looking-at-the-dependencies /byoc/guide/development-cycle/local-dependencies 301
/serverless/getting-started/looking-at-the-dependencies/ /serverless/guide/development-cycle/local-dependencies 301
/serverless/getting-started/looking-at-the-dependencies /serverless/guide/development-cycle/local-dependencies 301

/byoc/getting-started/looking-at-the-workflow-code/ /byoc/guide/development-cycle/setting-up-a-project 301
/byoc/getting-started/looking-at-the-workflow-code /byoc/guide/development-cycle/setting-up-a-project 301
/serverless/getting-started/looking-at-the-workflow-code/ /serverless/guide/development-cycle/setting-up-a-project 301
/serverless/getting-started/looking-at-the-workflow-code /serverless/guide/development-cycle/setting-up-a-project 301
/byoc/getting-started/setting-up-the-project-on-union/ /byoc/guide/development-cycle/setting-up-a-project 301
/byoc/getting-started/setting-up-the-project-on-union /byoc/guide/development-cycle/setting-up-a-project 301
/serverless/getting-started/setting-up-the-project-on-union/ /serverless/guide/development-cycle/setting-up-a-project 301
/serverless/getting-started/setting-up-the-project-on-union /serverless/guide/development-cycle/setting-up-a-project 301

/getting-started/running-in-a-local-cluster/ /byoc/guide/development-cycle/running-in-a-local-cluster 301
/getting-started/running-in-a-local-cluster /byoc/guide/development-cycle/running-in-a-local-cluster 301

/serverless/development-cycle/image-builder/ /serverless/guide/development-cycle/remote-dependencies-with-image-spec 301
/serverless/development-cycle/image-builder /serverless/guide/development-cycle/remote-dependencies-with-image-spec 301

/byoc/development-cycle/interactive-tasks/ /byoc/guide/development-cycle/debugging-with-interactive-tasks 301
/byoc/development-cycle/interactive-tasks /byoc/guide/development-cycle/debugging-with-interactive-tasks 301
/serverless/development-cycle/interactive-tasks/ /serverless/guide/development-cycle/debugging-with-interactive-tasks 301
/serverless/development-cycle/interactive-tasks /serverless/guide/development-cycle/debugging-with-interactive-tasks 301

/getting-started/setting-up-ci-cd-deployment/ /byoc/guide/development-cycle/ci-cd-deployment 301
/getting-started/setting-up-ci-cd-deployment /byoc/guide/development-cycle/ci-cd-deployment 301
/byoc/development-cycle/setting-up-ci-cd-deployment/ /byoc/guide/development-cycle/ci-cd-deployment 301
/byoc/development-cycle/setting-up-ci-cd-deployment /byoc/guide/development-cycle/ci-cd-deployment 301

/byoc/getting-started/access-aws-s3/ /byoc/guide/development-cycle/access-aws-s3 301
/byoc/getting-started/access-aws-s3 /byoc/guide/development-cycle/access-aws-s3 301
/serverless/getting-started/access-aws-s3/ /serverless/guide/development-cycle/access-aws-s3 301
/serverless/getting-started/access-aws-s3 /serverless/guide/development-cycle/access-aws-s3 301

/byoc/getting-started/managing-apps/ /byoc/guide/development-cycle/managing-apps 301
/byoc/getting-started/managing-apps /byoc/guide/development-cycle/managing-apps 301
/serverless/getting-started/managing-apps/ /serverless/guide/development-cycle/managing-apps 301
/serverless/getting-started/managing-apps /serverless/guide/development-cycle/managing-apps 301

/byoc/getting-started/managing-secrets/ /byoc/guide/development-cycle/managing-secrets 301
/byoc/getting-started/managing-secrets /byoc/guide/development-cycle/managing-secrets 301
/serverless/getting-started/managing-secrets/ /serverless/guide/development-cycle/managing-secrets 301
/serverless/getting-started/managing-secrets /serverless/guide/development-cycle/managing-secrets 301

/byoc/core-concepts/tasks/task-software-environment/secrets/ /byoc/guide/development-cycle/managing-secrets 301
/byoc/core-concepts/tasks/task-software-environment/secrets /byoc/guide/development-cycle/managing-secrets 301

/byoc/development-cycle/unionai-run-details/ /byoc/guide/development-cycle/details-of-union-run 301
/byoc/development-cycle/unionai-run-details /byoc/guide/development-cycle/details-of-union-run 301
/serverless/development-cycle/unionai-run-details/ /serverless/guide/development-cycle/details-of-union-run 301
/serverless/development-cycle/unionai-run-details /serverless/guide/development-cycle/details-of-union-run 301

/byoc/development-cycle/union-run-details/ /byoc/guide/development-cycle/details-of-union-run 301
/byoc/development-cycle/union-run-details /byoc/guide/development-cycle/details-of-union-run 301
/serverless/development-cycle/union-run-details/ /serverless/guide/development-cycle/details-of-union-run 301
/serverless/development-cycle/union-run-details /serverless/guide/development-cycle/details-of-union-run 301

/byoc/development-cycle/unionremote/ /byoc/guide/development-cycle/union-remote 301
/byoc/development-cycle/unionremote /byoc/guide/development-cycle/union-remote 301
/serverless/development-cycle/unionremote/ /serverless/guide/development-cycle/union-remote 301
/serverless/development-cycle/unionremote /serverless/guide/development-cycle/union-remote 301

/uctl-cli/ /byoc/guide/administration/uctl-cli 301
/uctl-cli /byoc/guide/administration/uctl-cli 301

/union-cli/ /serverless/guide/quick-start#install-the-union-package 301
/union-cli /serverless/guide/quick-start#install-the-union-package 301

/serverless/data-input-output/flytefile/ /serverless/guide/data-input-output/flyte-file-and-flyte-directory 301
/serverless/data-input-output/flytefile /serverless/guide/data-input-output/flyte-file-and-flyte-directory 301
/serverless/data-input-output/flytedirectory/ /serverless/guide/data-input-output/flyte-file-and-flyte-directory 301
/serverless/data-input-output/flytedirectory /serverless/guide/data-input-output/flyte-file-and-flyte-directory 301
/byoc/data-input-output/flytefile/ /byoc/guide/data-input-output/flyte-file-and-flyte-directory 301
/byoc/data-input-output/flytefile /byoc/guide/data-input-output/flyte-file-and-flyte-directory 301
/byoc/data-input-output/flytedirectory/ /byoc/guide/data-input-output/flyte-file-and-flyte-directory 301
/byoc/data-input-output/flytedirectory /byoc/guide/data-input-output/flyte-file-and-flyte-directory 301

/byoc/api/unionai-cli/ /byoc/api/union-cli 301
/byoc/api/unionai-cli /byoc/api/union-cli 301
/serverless/api/unionai-cli/ /serverless/api/union-cli 301
/serverless/api/unionai-cli /serverless/api/union-cli 301

/byoc/api/sdk /byoc/api/union-sdk 301
/byoc/api/sdk/ /byoc/api/union-sdk 301
/byoc/api/sdk/actor.actorenvironment /byoc/api/union-sdk/actor.actorenvironment 301
/byoc/api/sdk/actor.actorenvironment/ /byoc/api/union-sdk/actor.actorenvironment 301
/byoc/api/sdk/artifacts.datacard /byoc/api/union-sdk/artifacts.datacard 301
/byoc/api/sdk/artifacts.datacard/ /byoc/api/union-sdk/artifacts.datacard 301
/byoc/api/sdk/artifacts.modelcard /byoc/api/union-sdk/artifacts.modelcard 301
/byoc/api/sdk/artifacts.modelcard/ /byoc/api/union-sdk/artifacts.modelcard 301
/byoc/api/sdk/artifacts.onartifact /byoc/api/union-sdk/artifacts.onartifact 301
/byoc/api/sdk/artifacts.onartifact/ /byoc/api/union-sdk/artifacts.onartifact 301

/serverless/api/sdk /serverless/api/union-sdk 301
/serverless/api/sdk/ /serverless/api/union-sdk 301
/serverless/api/sdk/actor.actorenvironment /serverless/api/union-sdk/actor.actorenvironment 301
/serverless/api/sdk/actor.actorenvironment/ /serverless/api/union-sdk/actor.actorenvironment 301
/serverless/api/sdk/artifacts.datacard /serverless/api/union-sdk/artifacts.datacard 301
/serverless/api/sdk/artifacts.datacard/ /serverless/api/union-sdk/artifacts.datacard 301
/serverless/api/sdk/artifacts.modelcard /serverless/api/union-sdk/artifacts.modelcard 301
/serverless/api/sdk/artifacts.modelcard/ /serverless/api/union-sdk/artifacts.modelcard 301
/serverless/api/sdk/artifacts.onartifact /serverless/api/union-sdk/artifacts.onartifact 301
/serverless/api/sdk/artifacts.onartifact/ /serverless/api/union-sdk/artifacts.onartifact 301

/serverless/tutorials/machine-learning/credit-default-xgboost/ /serverless/tutorials/finance/credit-default-xgboost 301
/serverless/tutorials/machine-learning/credit-default-xgboost /serverless/tutorials/finance/credit-default-xgboost 301
/byoc/tutorials/machine-learning/credit-default-xgboost/ /byoc/tutorials/finance/credit-default-xgboost 301
/byoc/tutorials/machine-learning/credit-default-xgboost /byoc/tutorials/finance/credit-default-xgboost 301

/byoc/administration /byoc/guide/administration 301
/byoc/administration/applications /byoc/guide/administration/applications 301
/byoc/administration/cli-authentication /byoc/guide/administration/cli-authentication 301
/byoc/administration/index /byoc/guide/administration/index 301
/byoc/administration/uctl-cli /byoc/guide/administration/uctl-cli 301
/byoc/administration/usage /byoc/guide/administration/usage 301
/byoc/administration/user-management /byoc/guide/administration/user-management 301
/byoc/core-concepts /byoc/guide/core-concepts 301
/byoc/core-concepts/actors /byoc/guide/core-concepts/actors 301
/byoc/core-concepts/artifacts /byoc/guide/core-concepts/artifacts 301
/byoc/core-concepts/artifacts/connecting-workflows-with-artifact-event-triggers /byoc/guide/core-concepts/artifacts/connecting-workflows-with-artifact-event-triggers 301
/byoc/core-concepts/artifacts/consuming-artifacts-in-workflows /byoc/guide/core-concepts/artifacts/consuming-artifacts-in-workflows 301
/byoc/core-concepts/artifacts/declaring-artifacts /byoc/guide/core-concepts/artifacts/declaring-artifacts 301
/byoc/core-concepts/artifacts/index /byoc/guide/core-concepts/artifacts/index 301
/byoc/core-concepts/artifacts/materializing-artifacts /byoc/guide/core-concepts/artifacts/materializing-artifacts 301
/byoc/core-concepts/artifacts/viewing-artifacts /byoc/guide/core-concepts/artifacts/viewing-artifacts 301
/byoc/core-concepts/caching /byoc/guide/core-concepts/caching 301
/byoc/core-concepts/index /byoc/guide/core-concepts/index 301
/byoc/core-concepts/launch-plans /byoc/guide/core-concepts/launch-plans 301
/byoc/core-concepts/launch-plans/activating-and-deactivating /byoc/guide/core-concepts/launch-plans/activating-and-deactivating 301
/byoc/core-concepts/launch-plans/defining-launch-plans /byoc/guide/core-concepts/launch-plans/defining-launch-plans 301
/byoc/core-concepts/launch-plans/index /byoc/guide/core-concepts/launch-plans/index 301
/byoc/core-concepts/launch-plans/mapping-over-launch-plans /byoc/guide/core-concepts/launch-plans/mapping-over-launch-plans 301
/byoc/core-concepts/launch-plans/notifications /byoc/guide/core-concepts/launch-plans/notifications 301
/byoc/core-concepts/launch-plans/reactive-workflows /byoc/guide/core-concepts/launch-plans/reactive-workflows 301
/byoc/core-concepts/launch-plans/reference-launch-plans /byoc/guide/core-concepts/launch-plans/reference-launch-plans 301
/byoc/core-concepts/launch-plans/running-launch-plans /byoc/guide/core-concepts/launch-plans/running-launch-plans 301
/byoc/core-concepts/launch-plans/schedules /byoc/guide/core-concepts/launch-plans/schedules 301
/byoc/core-concepts/launch-plans/viewing-launch-plans /byoc/guide/core-concepts/launch-plans/viewing-launch-plans 301
/byoc/core-concepts/tasks /byoc/guide/core-concepts/tasks 301
/byoc/core-concepts/tasks/index /byoc/guide/core-concepts/tasks/index 301
/byoc/core-concepts/tasks/launching-tasks /byoc/guide/core-concepts/tasks/launching-tasks 301
/byoc/core-concepts/tasks/task-hardware-environment /byoc/guide/core-concepts/tasks/task-hardware-environment 301
/byoc/core-concepts/tasks/task-hardware-environment/accelerators /byoc/guide/core-concepts/tasks/task-hardware-environment/accelerators 301
/byoc/core-concepts/tasks/task-hardware-environment/customizing-task-resources /byoc/guide/core-concepts/tasks/task-hardware-environment/customizing-task-resources 301
/byoc/core-concepts/tasks/task-hardware-environment/index /byoc/guide/core-concepts/tasks/task-hardware-environment/index 301
/byoc/core-concepts/tasks/task-hardware-environment/interruptible-instances /byoc/guide/core-concepts/tasks/task-hardware-environment/interruptible-instances 301
/byoc/core-concepts/tasks/task-hardware-environment/task-level-monitoring /byoc/guide/core-concepts/tasks/task-hardware-environment/task-level-monitoring 301
/byoc/core-concepts/tasks/task-parameters /byoc/guide/core-concepts/tasks/task-parameters 301
/byoc/core-concepts/tasks/task-software-environment /byoc/guide/core-concepts/tasks/task-software-environment 301
/byoc/core-concepts/tasks/task-software-environment/environment-variables /byoc/guide/core-concepts/tasks/task-software-environment/environment-variables 301
/byoc/core-concepts/tasks/task-software-environment/imagespec-with-ecr /byoc/guide/core-concepts/tasks/task-software-environment/imagespec-with-ecr 301
/byoc/core-concepts/tasks/task-software-environment/imagespec-with-gar /byoc/guide/core-concepts/tasks/task-software-environment/imagespec-with-gar 301
/byoc/core-concepts/tasks/task-software-environment/imagespec /byoc/guide/core-concepts/tasks/task-software-environment/imagespec 301
/byoc/core-concepts/tasks/task-software-environment/index /byoc/guide/core-concepts/tasks/task-software-environment/index 301
/byoc/core-concepts/tasks/task-types /byoc/guide/core-concepts/tasks/task-types 301
/byoc/core-concepts/tasks/viewing-logs /byoc/guide/core-concepts/tasks/viewing-logs 301
/byoc/core-concepts/tasks/viewing-tasks /byoc/guide/core-concepts/tasks/viewing-tasks 301
/byoc/core-concepts/workflows /byoc/guide/core-concepts/workflows 301
/byoc/core-concepts/workflows/dynamic-workflows /byoc/guide/core-concepts/workflows/dynamic-workflows 301
/byoc/core-concepts/workflows/eager-workflows /byoc/guide/core-concepts/workflows/eager-workflows 301
/byoc/core-concepts/workflows/index /byoc/guide/core-concepts/workflows/index 301
/byoc/core-concepts/workflows/launching-workflows /byoc/guide/core-concepts/workflows/launching-workflows 301
/byoc/core-concepts/workflows/standard-workflows /byoc/guide/core-concepts/workflows/standard-workflows 301
/byoc/core-concepts/workflows/subworkflows-and-sub-launch-plans /byoc/guide/core-concepts/workflows/subworkflows-and-sub-launch-plans 301
/byoc/core-concepts/workflows/viewing-workflow-executions /byoc/guide/core-concepts/workflows/viewing-workflow-executions 301
/byoc/core-concepts/workflows/viewing-workflows /byoc/guide/core-concepts/workflows/viewing-workflows 301
/byoc/data-input-output /byoc/guide/data-input-output 301
/byoc/data-input-output/accelerated-datasets /byoc/guide/data-input-output/accelerated-datasets 301
/byoc/data-input-output/downloading-with-ff-and-fd /byoc/guide/data-input-output/downloading-with-ff-and-fd 301
/byoc/data-input-output/flyte-file-and-flyte-directory /byoc/guide/data-input-output/flyte-file-and-flyte-directory 301
/byoc/data-input-output/index /byoc/guide/data-input-output/index 301
/byoc/data-input-output/task-input-and-output /byoc/guide/data-input-output/task-input-and-output 301
/byoc/data-plane-setup /byoc/guide/data-plane-setup 301
/byoc/data-plane-setup/configuring-your-data-plane /byoc/guide/data-plane-setup/configuring-your-data-plane 301
/byoc/data-plane-setup/data-plane-setup-on-aws /byoc/guide/data-plane-setup/data-plane-setup-on-aws 301
/byoc/data-plane-setup/data-plane-setup-on-gcp /byoc/guide/data-plane-setup/data-plane-setup-on-gcp 301
/byoc/data-plane-setup/index /byoc/guide/data-plane-setup/index 301
/byoc/data-plane-setup/multi-cluster /byoc/guide/data-plane-setup/multi-cluster 301
/byoc/data-plane-setup/single-sign-on-setup /byoc/guide/data-plane-setup/single-sign-on-setup 301
/byoc/data-plane-setup/single-sign-on-setup/index /byoc/guide/data-plane-setup/single-sign-on-setup/index 301
/byoc/data-plane-setup/single-sign-on-setup/microsoft-entra-id /byoc/guide/data-plane-setup/single-sign-on-setup/microsoft-entra-id 301
/byoc/data-plane-setup/single-sign-on-setup/other-identity-providers /byoc/guide/data-plane-setup/single-sign-on-setup/other-identity-providers 301
/byoc/development-cycle /byoc/guide/development-cycle 301
/byoc/development-cycle/accessing-aws-s3 /byoc/guide/development-cycle/accessing-aws-s3 301
/byoc/development-cycle/ci-cd-deployment /byoc/guide/development-cycle/ci-cd-deployment 301
/byoc/development-cycle/debugging-with-interactive-tasks /byoc/guide/development-cycle/debugging-with-interactive-tasks 301
/byoc/development-cycle/details-of-union-run /byoc/guide/development-cycle/details-of-union-run 301
/byoc/development-cycle/index /byoc/guide/development-cycle/index 301
/byoc/development-cycle/local-dependencies /byoc/guide/development-cycle/local-dependencies 301
/byoc/development-cycle/managing-apps /byoc/guide/development-cycle/managing-apps 301
/byoc/development-cycle/managing-secrets /byoc/guide/development-cycle/managing-secrets 301
/byoc/development-cycle/overriding-parameters /byoc/guide/development-cycle/overriding-parameters 301
/byoc/development-cycle/remote-dependencies-with-image-spec /byoc/guide/development-cycle/remote-dependencies-with-image-spec 301
/byoc/development-cycle/running-in-a-local-cluster /byoc/guide/development-cycle/running-in-a-local-cluster 301
/byoc/development-cycle/running-your-code /byoc/guide/development-cycle/running-your-code 301
/byoc/development-cycle/setting-up-a-project /byoc/guide/development-cycle/setting-up-a-project 301
/byoc/development-cycle/task-resource-validation /byoc/guide/development-cycle/task-resource-validation 301
/byoc/development-cycle/union-remote /byoc/guide/development-cycle/union-remote 301
/byoc/faq /byoc/guide/faq 301
/byoc/first-workflow /byoc/guide/first-workflow 301
/byoc/first-workflow/example-code-components /byoc/guide/first-workflow/example-code-components 301
/byoc/first-workflow/index /byoc/guide/first-workflow/index 301
/byoc/first-workflow/running-the-workflow /byoc/guide/first-workflow/running-the-workflow 301
/byoc/first-workflow/setting-up-container-image-handling /byoc/guide/first-workflow/setting-up-container-image-handling 301
/byoc/first-workflow/setting-up-your-local-environment /byoc/guide/first-workflow/setting-up-your-local-environment 301
/byoc/index /byoc/guide/index 301
/byoc/integrations /byoc/guide/integrations 301
/byoc/integrations/agents /byoc/guide/integrations/agents 301
/byoc/integrations/agents/airflow-agent /byoc/guide/integrations/agents/airflow-agent 301
/byoc/integrations/agents/airflow-agent/airflow-agent-example /byoc/guide/integrations/agents/airflow-agent/airflow-agent-example 301
/byoc/integrations/agents/airflow-agent/index /byoc/guide/integrations/agents/airflow-agent/index 301
/byoc/integrations/agents/bigquery-agent /byoc/guide/integrations/agents/bigquery-agent 301
/byoc/integrations/agents/bigquery-agent/bigquery-agent-example /byoc/guide/integrations/agents/bigquery-agent/bigquery-agent-example 301
/byoc/integrations/agents/bigquery-agent/index /byoc/guide/integrations/agents/bigquery-agent/index 301
/byoc/integrations/agents/databricks-agent /byoc/guide/integrations/agents/databricks-agent 301
/byoc/integrations/agents/databricks-agent/databricks-agent-example /byoc/guide/integrations/agents/databricks-agent/databricks-agent-example 301
/byoc/integrations/agents/databricks-agent/index /byoc/guide/integrations/agents/databricks-agent/index 301
/byoc/integrations/agents/dgx-agent /byoc/guide/integrations/agents/dgx-agent 301
/byoc/integrations/agents/file-sensor-agent /byoc/guide/integrations/agents/file-sensor-agent 301
/byoc/integrations/agents/file-sensor-agent/file-sensor-agent-example /byoc/guide/integrations/agents/file-sensor-agent/file-sensor-agent-example 301
/byoc/integrations/agents/file-sensor-agent/index /byoc/guide/integrations/agents/file-sensor-agent/index 301
/byoc/integrations/agents/index /byoc/guide/integrations/agents/index 301
/byoc/integrations/agents/mmcloud-agent /byoc/guide/integrations/agents/mmcloud-agent 301
/byoc/integrations/agents/mmcloud-agent/index /byoc/guide/integrations/agents/mmcloud-agent/index 301
/byoc/integrations/agents/mmcloud-agent/mmcloud-agent-example /byoc/guide/integrations/agents/mmcloud-agent/mmcloud-agent-example 301
/byoc/integrations/agents/openai-agents /byoc/guide/integrations/agents/openai-agents 301
/byoc/integrations/agents/openai-agents/batch-agent-example /byoc/guide/integrations/agents/openai-agents/batch-agent-example 301
/byoc/integrations/agents/openai-agents/chatgpt-agent-example /byoc/guide/integrations/agents/openai-agents/chatgpt-agent-example 301
/byoc/integrations/agents/openai-agents/index /byoc/guide/integrations/agents/openai-agents/index 301
/byoc/integrations/agents/sagemaker-agent /byoc/guide/integrations/agents/sagemaker-agent 301
/byoc/integrations/agents/sagemaker-agent/index /byoc/guide/integrations/agents/sagemaker-agent/index 301
/byoc/integrations/agents/sagemaker-agent/sagemaker-agent-example /byoc/guide/integrations/agents/sagemaker-agent/sagemaker-agent-example 301
/byoc/integrations/agents/snowflake-agent /byoc/guide/integrations/agents/snowflake-agent 301
/byoc/integrations/agents/snowflake-agent/index /byoc/guide/integrations/agents/snowflake-agent/index 301
/byoc/integrations/agents/snowflake-agent/snowflake-agent-example /byoc/guide/integrations/agents/snowflake-agent/snowflake-agent-example 301
/byoc/integrations/enabling-aws-resources /byoc/guide/integrations/enabling-aws-resources 301
/byoc/integrations/enabling-aws-resources/enabling-aws-ecr /byoc/guide/integrations/enabling-aws-resources/enabling-aws-ecr 301
/byoc/integrations/enabling-aws-resources/enabling-aws-s3 /byoc/guide/integrations/enabling-aws-resources/enabling-aws-s3 301
/byoc/integrations/enabling-aws-resources/enabling-aws-secrets-manager /byoc/guide/integrations/enabling-aws-resources/enabling-aws-secrets-manager 301
/byoc/integrations/enabling-aws-resources/index /byoc/guide/integrations/enabling-aws-resources/index 301
/byoc/integrations/enabling-gcp-resources /byoc/guide/integrations/enabling-gcp-resources 301
/byoc/integrations/enabling-gcp-resources/enabling-bigquery /byoc/guide/integrations/enabling-gcp-resources/enabling-bigquery 301
/byoc/integrations/enabling-gcp-resources/enabling-google-artifact-registry /byoc/guide/integrations/enabling-gcp-resources/enabling-google-artifact-registry 301
/byoc/integrations/enabling-gcp-resources/enabling-google-cloud-storage /byoc/guide/integrations/enabling-gcp-resources/enabling-google-cloud-storage 301
/byoc/integrations/enabling-gcp-resources/enabling-google-secret-manager /byoc/guide/integrations/enabling-gcp-resources/enabling-google-secret-manager 301
/byoc/integrations/enabling-gcp-resources/index /byoc/guide/integrations/enabling-gcp-resources/index 301
/byoc/integrations/index /byoc/guide/integrations/index 301
/byoc/platform-architecture /byoc/guide/platform-architecture 301
/byoc/quick-start /byoc/guide/quick-start 301
/byoc/union-overview /byoc/guide/union-overview 301

/serverless/administration /serverless/guide/administration 301
/serverless/administration/applications /serverless/guide/administration/applications 301
/serverless/administration/cli-authentication /serverless/guide/administration/cli-authentication 301
/serverless/administration/index /serverless/guide/administration/index 301
/serverless/administration/uctl-cli /serverless/guide/administration/uctl-cli 301
/serverless/administration/usage /serverless/guide/administration/usage 301
/serverless/administration/user-management /serverless/guide/administration/user-management 301
/serverless/core-concepts /serverless/guide/core-concepts 301
/serverless/core-concepts/actors /serverless/guide/core-concepts/actors 301
/serverless/core-concepts/artifacts /serverless/guide/core-concepts/artifacts 301
/serverless/core-concepts/artifacts/connecting-workflows-with-artifact-event-triggers /serverless/guide/core-concepts/artifacts/connecting-workflows-with-artifact-event-triggers 301
/serverless/core-concepts/artifacts/consuming-artifacts-in-workflows /serverless/guide/core-concepts/artifacts/consuming-artifacts-in-workflows 301
/serverless/core-concepts/artifacts/declaring-artifacts /serverless/guide/core-concepts/artifacts/declaring-artifacts 301
/serverless/core-concepts/artifacts/index /serverless/guide/core-concepts/artifacts/index 301
/serverless/core-concepts/artifacts/materializing-artifacts /serverless/guide/core-concepts/artifacts/materializing-artifacts 301
/serverless/core-concepts/artifacts/viewing-artifacts /serverless/guide/core-concepts/artifacts/viewing-artifacts 301
/serverless/core-concepts/caching /serverless/guide/core-concepts/caching 301
/serverless/core-concepts/index /serverless/guide/core-concepts/index 301
/serverless/core-concepts/launch-plans /serverless/guide/core-concepts/launch-plans 301
/serverless/core-concepts/launch-plans/activating-and-deactivating /serverless/guide/core-concepts/launch-plans/activating-and-deactivating 301
/serverless/core-concepts/launch-plans/defining-launch-plans /serverless/guide/core-concepts/launch-plans/defining-launch-plans 301
/serverless/core-concepts/launch-plans/index /serverless/guide/core-concepts/launch-plans/index 301
/serverless/core-concepts/launch-plans/mapping-over-launch-plans /serverless/guide/core-concepts/launch-plans/mapping-over-launch-plans 301
/serverless/core-concepts/launch-plans/notifications /serverless/guide/core-concepts/launch-plans/notifications 301
/serverless/core-concepts/launch-plans/reactive-workflows /serverless/guide/core-concepts/launch-plans/reactive-workflows 301
/serverless/core-concepts/launch-plans/reference-launch-plans /serverless/guide/core-concepts/launch-plans/reference-launch-plans 301
/serverless/core-concepts/launch-plans/running-launch-plans /serverless/guide/core-concepts/launch-plans/running-launch-plans 301
/serverless/core-concepts/launch-plans/schedules /serverless/guide/core-concepts/launch-plans/schedules 301
/serverless/core-concepts/launch-plans/viewing-launch-plans /serverless/guide/core-concepts/launch-plans/viewing-launch-plans 301
/serverless/core-concepts/tasks /serverless/guide/core-concepts/tasks 301
/serverless/core-concepts/tasks/index /serverless/guide/core-concepts/tasks/index 301
/serverless/core-concepts/tasks/launching-tasks /serverless/guide/core-concepts/tasks/launching-tasks 301
/serverless/core-concepts/tasks/task-hardware-environment /serverless/guide/core-concepts/tasks/task-hardware-environment 301
/serverless/core-concepts/tasks/task-hardware-environment/accelerators /serverless/guide/core-concepts/tasks/task-hardware-environment/accelerators 301
/serverless/core-concepts/tasks/task-hardware-environment/customizing-task-resources /serverless/guide/core-concepts/tasks/task-hardware-environment/customizing-task-resources 301
/serverless/core-concepts/tasks/task-hardware-environment/index /serverless/guide/core-concepts/tasks/task-hardware-environment/index 301
/serverless/core-concepts/tasks/task-hardware-environment/interruptible-instances /serverless/guide/core-concepts/tasks/task-hardware-environment/interruptible-instances 301
/serverless/core-concepts/tasks/task-hardware-environment/task-level-monitoring /serverless/guide/core-concepts/tasks/task-hardware-environment/task-level-monitoring 301
/serverless/core-concepts/tasks/task-parameters /serverless/guide/core-concepts/tasks/task-parameters 301
/serverless/core-concepts/tasks/task-software-environment /serverless/guide/core-concepts/tasks/task-software-environment 301
/serverless/core-concepts/tasks/task-software-environment/environment-variables /serverless/guide/core-concepts/tasks/task-software-environment/environment-variables 301
/serverless/core-concepts/tasks/task-software-environment/imagespec-with-ecr /serverless/guide/core-concepts/tasks/task-software-environment/imagespec-with-ecr 301
/serverless/core-concepts/tasks/task-software-environment/imagespec-with-gar /serverless/guide/core-concepts/tasks/task-software-environment/imagespec-with-gar 301
/serverless/core-concepts/tasks/task-software-environment/imagespec /serverless/guide/core-concepts/tasks/task-software-environment/imagespec 301
/serverless/core-concepts/tasks/task-software-environment/index /serverless/guide/core-concepts/tasks/task-software-environment/index 301
/serverless/core-concepts/tasks/task-types /serverless/guide/core-concepts/tasks/task-types 301
/serverless/core-concepts/tasks/viewing-logs /serverless/guide/core-concepts/tasks/viewing-logs 301
/serverless/core-concepts/tasks/viewing-tasks /serverless/guide/core-concepts/tasks/viewing-tasks 301
/serverless/core-concepts/workflows /serverless/guide/core-concepts/workflows 301
/serverless/core-concepts/workflows/dynamic-workflows /serverless/guide/core-concepts/workflows/dynamic-workflows 301
/serverless/core-concepts/workflows/eager-workflows /serverless/guide/core-concepts/workflows/eager-workflows 301
/serverless/core-concepts/workflows/index /serverless/guide/core-concepts/workflows/index 301
/serverless/core-concepts/workflows/launching-workflows /serverless/guide/core-concepts/workflows/launching-workflows 301
/serverless/core-concepts/workflows/standard-workflows /serverless/guide/core-concepts/workflows/standard-workflows 301
/serverless/core-concepts/workflows/subworkflows-and-sub-launch-plans /serverless/guide/core-concepts/workflows/subworkflows-and-sub-launch-plans 301
/serverless/core-concepts/workflows/viewing-workflow-executions /serverless/guide/core-concepts/workflows/viewing-workflow-executions 301
/serverless/core-concepts/workflows/viewing-workflows /serverless/guide/core-concepts/workflows/viewing-workflows 301
/serverless/data-input-output /serverless/guide/data-input-output 301
/serverless/data-input-output/accelerated-datasets /serverless/guide/data-input-output/accelerated-datasets 301
/serverless/data-input-output/downloading-with-ff-and-fd /serverless/guide/data-input-output/downloading-with-ff-and-fd 301
/serverless/data-input-output/flyte-file-and-flyte-directory /serverless/guide/data-input-output/flyte-file-and-flyte-directory 301
/serverless/data-input-output/index /serverless/guide/data-input-output/index 301
/serverless/data-input-output/task-input-and-output /serverless/guide/data-input-output/task-input-and-output 301
/serverless/data-plane-setup /serverless/guide/data-plane-setup 301
/serverless/data-plane-setup/configuring-your-data-plane /serverless/guide/data-plane-setup/configuring-your-data-plane 301
/serverless/data-plane-setup/data-plane-setup-on-aws /serverless/guide/data-plane-setup/data-plane-setup-on-aws 301
/serverless/data-plane-setup/data-plane-setup-on-gcp /serverless/guide/data-plane-setup/data-plane-setup-on-gcp 301
/serverless/data-plane-setup/index /serverless/guide/data-plane-setup/index 301
/serverless/data-plane-setup/multi-cluster /serverless/guide/data-plane-setup/multi-cluster 301
/serverless/data-plane-setup/single-sign-on-setup /serverless/guide/data-plane-setup/single-sign-on-setup 301
/serverless/data-plane-setup/single-sign-on-setup/index /serverless/guide/data-plane-setup/single-sign-on-setup/index 301
/serverless/data-plane-setup/single-sign-on-setup/microsoft-entra-id /serverless/guide/data-plane-setup/single-sign-on-setup/microsoft-entra-id 301
/serverless/data-plane-setup/single-sign-on-setup/other-identity-providers /serverless/guide/data-plane-setup/single-sign-on-setup/other-identity-providers 301
/serverless/development-cycle /serverless/guide/development-cycle 301
/serverless/development-cycle/accessing-aws-s3 /serverless/guide/development-cycle/accessing-aws-s3 301
/serverless/development-cycle/ci-cd-deployment /serverless/guide/development-cycle/ci-cd-deployment 301
/serverless/development-cycle/debugging-with-interactive-tasks /serverless/guide/development-cycle/debugging-with-interactive-tasks 301
/serverless/development-cycle/details-of-union-run /serverless/guide/development-cycle/details-of-union-run 301
/serverless/development-cycle/index /serverless/guide/development-cycle/index 301
/serverless/development-cycle/local-dependencies /serverless/guide/development-cycle/local-dependencies 301
/serverless/development-cycle/managing-apps /serverless/guide/development-cycle/managing-apps 301
/serverless/development-cycle/managing-secrets /serverless/guide/development-cycle/managing-secrets 301
/serverless/development-cycle/overriding-parameters /serverless/guide/development-cycle/overriding-parameters 301
/serverless/development-cycle/remote-dependencies-with-image-spec /serverless/guide/development-cycle/remote-dependencies-with-image-spec 301
/serverless/development-cycle/running-in-a-local-cluster /serverless/guide/development-cycle/running-in-a-local-cluster 301
/serverless/development-cycle/running-your-code /serverless/guide/development-cycle/running-your-code 301
/serverless/development-cycle/setting-up-a-project /serverless/guide/development-cycle/setting-up-a-project 301
/serverless/development-cycle/task-resource-validation /serverless/guide/development-cycle/task-resource-validation 301
/serverless/development-cycle/union-remote /serverless/guide/development-cycle/union-remote 301
/serverless/faq /serverless/guide/faq 301
/serverless/first-workflow /serverless/guide/first-workflow 301
/serverless/first-workflow/example-code-components /serverless/guide/first-workflow/example-code-components 301
/serverless/first-workflow/index /serverless/guide/first-workflow/index 301
/serverless/first-workflow/running-the-workflow /serverless/guide/first-workflow/running-the-workflow 301
/serverless/first-workflow/setting-up-container-image-handling /serverless/guide/first-workflow/setting-up-container-image-handling 301
/serverless/first-workflow/setting-up-your-local-environment /serverless/guide/first-workflow/setting-up-your-local-environment 301
/serverless/index /serverless/guide/index 301
/serverless/integrations /serverless/guide/integrations 301
/serverless/integrations/agents /serverless/guide/integrations/agents 301
/serverless/integrations/agents/airflow-agent /serverless/guide/integrations/agents/airflow-agent 301
/serverless/integrations/agents/airflow-agent/airflow-agent-example /serverless/guide/integrations/agents/airflow-agent/airflow-agent-example 301
/serverless/integrations/agents/airflow-agent/index /serverless/guide/integrations/agents/airflow-agent/index 301
/serverless/integrations/agents/bigquery-agent /serverless/guide/integrations/agents/bigquery-agent 301
/serverless/integrations/agents/bigquery-agent/bigquery-agent-example /serverless/guide/integrations/agents/bigquery-agent/bigquery-agent-example 301
/serverless/integrations/agents/bigquery-agent/index /serverless/guide/integrations/agents/bigquery-agent/index 301
/serverless/integrations/agents/databricks-agent /serverless/guide/integrations/agents/databricks-agent 301
/serverless/integrations/agents/databricks-agent/databricks-agent-example /serverless/guide/integrations/agents/databricks-agent/databricks-agent-example 301
/serverless/integrations/agents/databricks-agent/index /serverless/guide/integrations/agents/databricks-agent/index 301
/serverless/integrations/agents/dgx-agent /serverless/guide/integrations/agents/dgx-agent 301
/serverless/integrations/agents/file-sensor-agent /serverless/guide/integrations/agents/file-sensor-agent 301
/serverless/integrations/agents/file-sensor-agent/file-sensor-agent-example /serverless/guide/integrations/agents/file-sensor-agent/file-sensor-agent-example 301
/serverless/integrations/agents/file-sensor-agent/index /serverless/guide/integrations/agents/file-sensor-agent/index 301
/serverless/integrations/agents/index /serverless/guide/integrations/agents/index 301
/serverless/integrations/agents/mmcloud-agent /serverless/guide/integrations/agents/mmcloud-agent 301
/serverless/integrations/agents/mmcloud-agent/index /serverless/guide/integrations/agents/mmcloud-agent/index 301
/serverless/integrations/agents/mmcloud-agent/mmcloud-agent-example /serverless/guide/integrations/agents/mmcloud-agent/mmcloud-agent-example 301
/serverless/integrations/agents/openai-agents /serverless/guide/integrations/agents/openai-agents 301
/serverless/integrations/agents/openai-agents/batch-agent-example /serverless/guide/integrations/agents/openai-agents/batch-agent-example 301
/serverless/integrations/agents/openai-agents/chatgpt-agent-example /serverless/guide/integrations/agents/openai-agents/chatgpt-agent-example 301
/serverless/integrations/agents/openai-agents/index /serverless/guide/integrations/agents/openai-agents/index 301
/serverless/integrations/agents/sagemaker-agent /serverless/guide/integrations/agents/sagemaker-agent 301
/serverless/integrations/agents/sagemaker-agent/index /serverless/guide/integrations/agents/sagemaker-agent/index 301
/serverless/integrations/agents/sagemaker-agent/sagemaker-agent-example /serverless/guide/integrations/agents/sagemaker-agent/sagemaker-agent-example 301
/serverless/integrations/agents/snowflake-agent /serverless/guide/integrations/agents/snowflake-agent 301
/serverless/integrations/agents/snowflake-agent/index /serverless/guide/integrations/agents/snowflake-agent/index 301
/serverless/integrations/agents/snowflake-agent/snowflake-agent-example /serverless/guide/integrations/agents/snowflake-agent/snowflake-agent-example 301
/serverless/integrations/enabling-aws-resources /serverless/guide/integrations/enabling-aws-resources 301
/serverless/integrations/enabling-aws-resources/enabling-aws-ecr /serverless/guide/integrations/enabling-aws-resources/enabling-aws-ecr 301
/serverless/integrations/enabling-aws-resources/enabling-aws-s3 /serverless/guide/integrations/enabling-aws-resources/enabling-aws-s3 301
/serverless/integrations/enabling-aws-resources/enabling-aws-secrets-manager /serverless/guide/integrations/enabling-aws-resources/enabling-aws-secrets-manager 301
/serverless/integrations/enabling-aws-resources/index /serverless/guide/integrations/enabling-aws-resources/index 301
/serverless/integrations/enabling-gcp-resources /serverless/guide/integrations/enabling-gcp-resources 301
/serverless/integrations/enabling-gcp-resources/enabling-bigquery /serverless/guide/integrations/enabling-gcp-resources/enabling-bigquery 301
/serverless/integrations/enabling-gcp-resources/enabling-google-artifact-registry /serverless/guide/integrations/enabling-gcp-resources/enabling-google-artifact-registry 301
/serverless/integrations/enabling-gcp-resources/enabling-google-cloud-storage /serverless/guide/integrations/enabling-gcp-resources/enabling-google-cloud-storage 301
/serverless/integrations/enabling-gcp-resources/enabling-google-secret-manager /serverless/guide/integrations/enabling-gcp-resources/enabling-google-secret-manager 301
/serverless/integrations/enabling-gcp-resources/index /serverless/guide/integrations/enabling-gcp-resources/index 301
/serverless/integrations/index /serverless/guide/integrations/index 301
/serverless/platform-architecture /serverless/guide/platform-architecture 301
/serverless/quick-start /serverless/guide/quick-start 301
/serverless/union-overview /serverless/guide/union-overview 301